{"entities":{"pages":{"Table-Of-Contents":{"id":"Table-Of-Contents","title":"Table of Contents","url":"table-of-contents.html","level":0,"tabIndex":0},"IntroductionToMachineLearning":{"id":"IntroductionToMachineLearning","title":"1. Introduction to Machine Learning","url":"introductiontomachinelearning.html","level":0,"pages":["OverviewOfMachineLearning","Applications-and-Importance"],"tabIndex":1},"OverviewOfMachineLearning":{"id":"OverviewOfMachineLearning","title":"Overview of Machine Learning","url":"overviewofmachinelearning.html","level":1,"parentId":"IntroductionToMachineLearning","tabIndex":0},"Applications-and-Importance":{"id":"Applications-and-Importance","title":"Applications of Machine Learning","url":"applications-and-importance.html","level":1,"parentId":"IntroductionToMachineLearning","tabIndex":1},"Linear-Regression-A-Starting-Point":{"id":"Linear-Regression-A-Starting-Point","title":"2. Linear Regression: A Starting Point","url":"linear-regression-a-starting-point.html","level":0,"pages":["Understanding-Linear-Regression","Applying-Linear-Regression-to-Illustrate-Basic-ML-Concepts"],"tabIndex":2},"Understanding-Linear-Regression":{"id":"Understanding-Linear-Regression","title":"Understanding Linear Regression","url":"understanding-linear-regression.html","level":1,"parentId":"Linear-Regression-A-Starting-Point","tabIndex":0},"Applying-Linear-Regression-to-Illustrate-Basic-ML-Concepts":{"id":"Applying-Linear-Regression-to-Illustrate-Basic-ML-Concepts","title":"Applying Linear Regression to Illustrate Basic ML Concepts","url":"applying-linear-regression-to-illustrate-basic-ml-concepts.html","level":1,"parentId":"Linear-Regression-A-Starting-Point","tabIndex":1}}},"topLevelIds":["Table-Of-Contents","IntroductionToMachineLearning","Linear-Regression-A-Starting-Point"]}