{"entities":{"pages":{"Table-Of-Contents":{"id":"Table-Of-Contents","title":"Table of Contents","url":"table-of-contents.html","level":0,"tabIndex":0},"Empty-MD-Topic":{"id":"Empty-MD-Topic","title":"Introduction to Machine Learning","url":"empty-md-topic.html","level":0,"pages":["Empty-MD-Toapic","Applications-and-Importance"],"tabIndex":1},"Empty-MD-Toapic":{"id":"Empty-MD-Toapic","title":"Overview of Machine Learning","url":"empty-md-toapic.html","level":1,"parentId":"Empty-MD-Topic","tabIndex":0},"Applications-and-Importance":{"id":"Applications-and-Importance","title":"Applications of Machine Learning","url":"applications-and-importance.html","level":1,"parentId":"Empty-MD-Topic","tabIndex":1},"Linear-Regression-A-Starting-Point":{"id":"Linear-Regression-A-Starting-Point","title":"Linear Regression: A Starting Point","url":"linear-regression-a-starting-point.html","level":0,"pages":["Understanding-Linear-Regression","Applying-Linear-Regression-to-Illustrate-Basic-ML-Concepts"],"tabIndex":2},"Understanding-Linear-Regression":{"id":"Understanding-Linear-Regression","title":"Understanding Linear Regression","url":"understanding-linear-regression.html","level":1,"parentId":"Linear-Regression-A-Starting-Point","tabIndex":0},"Applying-Linear-Regression-to-Illustrate-Basic-ML-Concepts":{"id":"Applying-Linear-Regression-to-Illustrate-Basic-ML-Concepts","title":"Applying Linear Regression to Illustrate Basic ML Concepts","url":"applying-linear-regression-to-illustrate-basic-ml-concepts.html","level":1,"parentId":"Linear-Regression-A-Starting-Point","tabIndex":1},"Understanding-Parameters-and-Hyperparameters":{"id":"Understanding-Parameters-and-Hyperparameters","title":"Understanding Parameters and Hyperparameters","url":"understanding-parameters-and-hyperparameters.html","level":0,"pages":["Defining-Parameters-and-Hyperparameters-in-Context","Significance-in-Model-Training"],"tabIndex":3},"Defining-Parameters-and-Hyperparameters-in-Context":{"id":"Defining-Parameters-and-Hyperparameters-in-Context","title":"Defining Parameters and Hyperparameters in Context","url":"defining-parameters-and-hyperparameters-in-context.html","level":1,"parentId":"Understanding-Parameters-and-Hyperparameters","tabIndex":0},"Significance-in-Model-Training":{"id":"Significance-in-Model-Training","title":"Significance in Model Training","url":"significance-in-model-training.html","level":1,"parentId":"Understanding-Parameters-and-Hyperparameters","tabIndex":1},"Introduction-to-Loss-Functions":{"id":"Introduction-to-Loss-Functions","title":"Introduction to Loss Functions","url":"introduction-to-loss-functions.html","level":0,"pages":["Exploring-Loss-Functions-through-LInear-Regression","Role-in-Machine-Learning"],"tabIndex":4},"Exploring-Loss-Functions-through-LInear-Regression":{"id":"Exploring-Loss-Functions-through-LInear-Regression","title":"Exploring Loss Functions through Linear Regression","url":"exploring-loss-functions-through-linear-regression.html","level":1,"parentId":"Introduction-to-Loss-Functions","tabIndex":0},"Role-in-Machine-Learning":{"id":"Role-in-Machine-Learning","title":"Role in Machine Learning","url":"role-in-machine-learning.html","level":1,"parentId":"Introduction-to-Loss-Functions","tabIndex":1},"Exploring-Gradient-Descent":{"id":"Exploring-Gradient-Descent","title":"Exploring Gradient Descent","url":"exploring-gradient-descent.html","level":0,"pages":["Concept-of-Gradient-Descent-Illustrated-with-Linear-Regression","Its-Role-in-Optimization"],"tabIndex":5},"Concept-of-Gradient-Descent-Illustrated-with-Linear-Regression":{"id":"Concept-of-Gradient-Descent-Illustrated-with-Linear-Regression","title":"Concept of Gradient Descent Illustrated with Linear Regression","url":"concept-of-gradient-descent-illustrated-with-linear-regression.html","level":1,"parentId":"Exploring-Gradient-Descent","tabIndex":0},"Its-Role-in-Optimization":{"id":"Its-Role-in-Optimization","title":"Its Role in Optimization","url":"its-role-in-optimization.html","level":1,"parentId":"Exploring-Gradient-Descent","tabIndex":1},"Conclusion":{"id":"Conclusion","title":"Conclusion","url":"conclusion.html","level":0,"pages":["Summary-of-Key-Learnings-from-Linear-Regression","Integrating-Key-Terms-and-Concepts","Next-Steps-in-Learning-Machine-Learning"],"tabIndex":6},"Summary-of-Key-Learnings-from-Linear-Regression":{"id":"Summary-of-Key-Learnings-from-Linear-Regression","title":"Summary of Key Learnings from Linear Regression","url":"summary-of-key-learnings-from-linear-regression.html","level":1,"parentId":"Conclusion","tabIndex":0},"Integrating-Key-Terms-and-Concepts":{"id":"Integrating-Key-Terms-and-Concepts","title":"Integrating Key Terms and Concepts","url":"integrating-key-terms-and-concepts.html","level":1,"parentId":"Conclusion","tabIndex":1},"Next-Steps-in-Learning-Machine-Learning":{"id":"Next-Steps-in-Learning-Machine-Learning","title":"Next Steps in Learning Machine Learning","url":"next-steps-in-learning-machine-learning.html","level":1,"parentId":"Conclusion","tabIndex":2}}},"topLevelIds":["Table-Of-Contents","Empty-MD-Topic","Linear-Regression-A-Starting-Point","Understanding-Parameters-and-Hyperparameters","Introduction-to-Loss-Functions","Exploring-Gradient-Descent","Conclusion"]}